<?xml version="1.0" encoding="UTF-8"?>
<beans xmlns="http://www.springframework.org/schema/beans"
	xmlns:context="http://www.springframework.org/schema/context"
	xmlns:mvc="http://www.springframework.org/schema/mvc" 
	xmlns:xsi="http://www.w3.org/2001/XMLSchema-instance"
	xsi:schemaLocation="
        http://www.springframework.org/schema/beans     
        http://www.springframework.org/schema/beans/spring-beans.xsd
        http://www.springframework.org/schema/context 
        http://www.springframework.org/schema/context/spring-context.xsd
        http://www.springframework.org/schema/mvc
        http://www.springframework.org/schema/mvc/spring-mvc.xsd">

	<context:component-scan base-package="com.capg" />

	<mvc:annotation-driven />
	  <mvc:default-servlet-handler/>

<bean id="dataSource"
 class="org.springframework.jdbc.datasource.DriverManagerDataSource">
 
	<property name="driverClassName" value="com.mysql.jdbc.Driver" />
	<property name="url" value="jdbc:mysql;//localhost:3306/mydb" />
	<property name="username" value="root" />
	<property name="password" value="root" />
	
</bean>

<bean id="jpaProvider" 
class="org.springframework.orm.jpa.Vendor.HibernateJpaVendor">

</bean>

<bean id="entityManagerFactory" 
class="org.springframework.orm.jpa.LocalContainer">

	<property name="dataSource" ref="dataSource" />
	<property name="packageToscan" value="com.capg.model" />
	<property name="jpaVendorProvider" ref="jpaProvider" />
	
</bean>

</beans>